<?xml version="1.0" encoding="UTF-8"?>
<students>
    <student>
        <idcard>STU1001</idcard>
        <firstname>Lucía</firstname>
        <lastname>Martínez</lastname>
        <phone>612345678</phone>
        <email>lucia.martinez@gmail.com</email>
    </student>

    <student>
        <idcard>STU1002</idcard>
        <firstname>Andrés</firstname>
        <lastname>Gómez</lastname>
        <phone>698765432</phone>
        <email>andres.gomez@yahoo.com</email>
    </student>

    <student>
        <idcard>STU1003</idcard>
        <firstname>Sofía</firstname>
        <lastname>Pérez</lastname>
        <phone>677112233</phone>
        <email>sofia.perez@gmail.com</email>
    </student>

</students>
